{
  "best_value": 0.019802233098376476,
  "best_params": {
    "offspring_population_size": 1,
    "crossover_type": "sbx",
    "crossover_probability": 0.9317825732734105,
    "crossover_eta": 200.78427353993868,
    "mutation_probability": 0.11311706154502084,
    "mutation_eta": 34.15568392975237
  },
  "population_size": 100,
  "max_evaluations": 25000,
  "ref_point_offset": 0.1,
  "n_trials": 200,
  "elapsed_seconds": 1071.6659890830051
}